[{"id":"user-image-gmc.jpg","publicUrl":"np://user.desktop.nicepage.com/Site_280606524/images/gmc.jpg","size":22981,"hash":"dyFgM7lQXGtaf4m17p+WUARYIEQ=","fileName":"gmc.jpg","name":"gmc","width":440,"height":220,"thumbnail":{"url":"np://user.desktop.nicepage.com/Site_280606524/images/thumbnails/gmc.jpg","width":250,"height":125},"folderId":null,"usages":["18935658"]},{"id":"user-image-rolls.jpg","publicUrl":"np://user.desktop.nicepage.com/Site_280606524/images/rolls.jpg","size":7522,"hash":"Dk9O18A7HUqOheB0/w0Pmqp0e0g=","fileName":"rolls.jpg","name":"rolls","width":331,"height":220,"thumbnail":{"url":"np://user.desktop.nicepage.com/Site_280606524/images/thumbnails/rolls.jpg","width":250,"height":166},"folderId":null,"usages":["18935658"]},{"id":"user-image-chevyttt.png","publicUrl":"np://user.desktop.nicepage.com/Site_280606524/images/chevyttt.png","size":1123846,"hash":"pTg2PRsgLWkA5KU8kupRrSSPP+o=","fileName":"chevyttt.png","name":"chevyttt","width":1964,"height":769,"thumbnail":{"url":"np://user.desktop.nicepage.com/Site_280606524/images/thumbnails/chevyttt.png","width":250,"height":98},"folderId":null,"usages":[]},{"id":"user-image-LastScreenshot2025.09.21-04.14.04.22.png","publicUrl":"np://user.desktop.nicepage.com/Site_280606524/images/LastScreenshot2025.09.21-04.14.04.22.png","size":807760,"hash":"p++MJysFBdOHhfgc15bdIBJcK94=","fileName":"LastScreenshot2025.09.21-04.14.04.22.png","name":"LastScreenshot2025.09.21-04.14.04.22","width":1276,"height":512,"thumbnail":{"url":"np://user.desktop.nicepage.com/Site_280606524/images/thumbnails/LastScreenshot2025.09.21-04.14.04.22.png","width":250,"height":100},"folderId":null,"usages":["6395877"]},{"id":"user-image-9a5f7fd62a03bd322010a4c928157df8.png","publicUrl":"np://user.desktop.nicepage.com/Site_280606524/images/9a5f7fd62a03bd322010a4c928157df8.png","size":742616,"hash":"ZHZZegWHIJirk35HXWT6ZHh054Q=","fileName":"9a5f7fd62a03bd322010a4c928157df8.png","name":"9a5f7fd62a03bd322010a4c928157df8","width":1280,"height":533,"thumbnail":{"url":"np://user.desktop.nicepage.com/Site_280606524/images/thumbnails/9a5f7fd62a03bd322010a4c928157df8.png","width":250,"height":104},"folderId":null,"originalUrl":"//images01.nicepage.com/9a/5f/9a5f7fd62a03bd322010a4c928157df8.png","usages":["6395877"]},{"id":"user-image-65ab14931d6fd00c4b170e103a18f38b.png","publicUrl":"np://user.desktop.nicepage.com/Site_280606524/images/65ab14931d6fd00c4b170e103a18f38b.png","size":340105,"hash":"Qq3KPBet9iRxfJBrbLSTDV/LvPE=","fileName":"65ab14931d6fd00c4b170e103a18f38b.png","name":"65ab14931d6fd00c4b170e103a18f38b","width":1321,"height":464,"thumbnail":{"url":"np://user.desktop.nicepage.com/Site_280606524/images/thumbnails/65ab14931d6fd00c4b170e103a18f38b.png","width":250,"height":88},"folderId":null,"originalUrl":"//images01.nicepage.com/65/ab/65ab14931d6fd00c4b170e103a18f38b.png","usages":["6395877"]},{"id":"user-image-57b8ec2b311de8c05cf5fdb7cc03cfe3.jpeg","publicUrl":"np://user.desktop.nicepage.com/Site_280606524/images/57b8ec2b311de8c05cf5fdb7cc03cfe3.jpeg","size":25140,"hash":"UxzLx7fpUSD0PJICrJ+Frdd39IQ=","fileName":"57b8ec2b311de8c05cf5fdb7cc03cfe3.jpeg","name":"57b8ec2b311de8c05cf5fdb7cc03cfe3","width":430,"height":242,"thumbnail":{"url":"np://user.desktop.nicepage.com/Site_280606524/images/thumbnails/57b8ec2b311de8c05cf5fdb7cc03cfe3.jpeg","width":250,"height":141},"folderId":null,"originalUrl":"//images01.nicepage.com/57/b8/57b8ec2b311de8c05cf5fdb7cc03cfe3.jpeg","usages":["6395877"]},{"id":"user-image-8f8d4dcc6021e6c230306fff7daae688.jpeg","publicUrl":"np://user.desktop.nicepage.com/Site_280606524/images/8f8d4dcc6021e6c230306fff7daae688.jpeg","size":21336,"hash":"9YscKLVNaGrnn+KjXLWv1tfb138=","fileName":"8f8d4dcc6021e6c230306fff7daae688.jpeg","name":"8f8d4dcc6021e6c230306fff7daae688","width":430,"height":242,"thumbnail":{"url":"np://user.desktop.nicepage.com/Site_280606524/images/thumbnails/8f8d4dcc6021e6c230306fff7daae688.jpeg","width":250,"height":141},"folderId":null,"originalUrl":"//images01.nicepage.com/8f/8d/8f8d4dcc6021e6c230306fff7daae688.jpeg","usages":["6395877"]},{"id":"user-image-914549430751c6075588a0ec07da84c9.jpeg","publicUrl":"np://user.desktop.nicepage.com/Site_280606524/images/914549430751c6075588a0ec07da84c9.jpeg","size":16749,"hash":"JPkZNZx51prhARW7j7o7p1qZT5M=","fileName":"914549430751c6075588a0ec07da84c9.jpeg","name":"914549430751c6075588a0ec07da84c9","width":430,"height":242,"thumbnail":{"url":"np://user.desktop.nicepage.com/Site_280606524/images/thumbnails/914549430751c6075588a0ec07da84c9.jpeg","width":250,"height":141},"folderId":null,"originalUrl":"//images01.nicepage.com/91/45/914549430751c6075588a0ec07da84c9.jpeg","usages":["6395877"]},{"id":"user-image-53943586c5282fc0f2d58e6280ab1863.jpeg","publicUrl":"np://user.desktop.nicepage.com/Site_280606524/images/53943586c5282fc0f2d58e6280ab1863.jpeg","size":57020,"hash":"0dI7pvxZp93IJGpwYAEEybV5DjY=","fileName":"53943586c5282fc0f2d58e6280ab1863.jpeg","name":"53943586c5282fc0f2d58e6280ab1863","width":666,"height":375,"thumbnail":{"url":"np://user.desktop.nicepage.com/Site_280606524/images/thumbnails/53943586c5282fc0f2d58e6280ab1863.jpeg","width":250,"height":141},"folderId":null,"originalUrl":"//images01.nicepage.com/53/94/53943586c5282fc0f2d58e6280ab1863.jpeg","usages":["6395877"]},{"id":"user-image-77ebaa7ea8cea20ef056a1651c18eb3e.jpeg","publicUrl":"np://user.desktop.nicepage.com/Site_280606524/images/77ebaa7ea8cea20ef056a1651c18eb3e.jpeg","size":14799,"hash":"Q+hTZNzGVT8iIfVV4clhac8SX3Y=","fileName":"77ebaa7ea8cea20ef056a1651c18eb3e.jpeg","name":"77ebaa7ea8cea20ef056a1651c18eb3e","width":430,"height":242,"thumbnail":{"url":"np://user.desktop.nicepage.com/Site_280606524/images/thumbnails/77ebaa7ea8cea20ef056a1651c18eb3e.jpeg","width":250,"height":141},"folderId":null,"originalUrl":"//images01.nicepage.com/77/eb/77ebaa7ea8cea20ef056a1651c18eb3e.jpeg","usages":["6395877"]},{"id":"user-image-ae5e158e554c8a88997cd100162f6431.jpeg","publicUrl":"np://user.desktop.nicepage.com/Site_280606524/images/ae5e158e554c8a88997cd100162f6431.jpeg","size":30666,"hash":"i8g7SKqXCoN+fxTwjTLHMsSYnDU=","fileName":"ae5e158e554c8a88997cd100162f6431.jpeg","name":"ae5e158e554c8a88997cd100162f6431","width":666,"height":375,"thumbnail":{"url":"np://user.desktop.nicepage.com/Site_280606524/images/thumbnails/ae5e158e554c8a88997cd100162f6431.jpeg","width":250,"height":141},"folderId":null,"originalUrl":"//images01.nicepage.com/ae/5e/ae5e158e554c8a88997cd100162f6431.jpeg","usages":["6395877"]},{"id":"user-image-4bbfef81f689c7dd4583f8296f16c3d7.jpeg","publicUrl":"np://user.desktop.nicepage.com/Site_280606524/images/4bbfef81f689c7dd4583f8296f16c3d7.jpeg","size":29814,"hash":"V5hKQekB+8V6EswKLHeTDejKJqQ=","fileName":"4bbfef81f689c7dd4583f8296f16c3d7.jpeg","name":"4bbfef81f689c7dd4583f8296f16c3d7","width":430,"height":242,"thumbnail":{"url":"np://user.desktop.nicepage.com/Site_280606524/images/thumbnails/4bbfef81f689c7dd4583f8296f16c3d7.jpeg","width":250,"height":141},"folderId":null,"originalUrl":"//images01.nicepage.com/4b/bf/4bbfef81f689c7dd4583f8296f16c3d7.jpeg","usages":["6395877"]},{"id":"user-image-630efc4fee2f6e38532314f88ae8a4c8.png","publicUrl":"np://user.desktop.nicepage.com/Site_280606524/images/630efc4fee2f6e38532314f88ae8a4c8.png","size":46560,"hash":"T1PEyTnuRBhjWkVOygd6PC2ElAA=","fileName":"630efc4fee2f6e38532314f88ae8a4c8.png","name":"630efc4fee2f6e38532314f88ae8a4c8","width":952,"height":384,"thumbnail":{"url":"np://user.desktop.nicepage.com/Site_280606524/images/thumbnails/630efc4fee2f6e38532314f88ae8a4c8.png","width":250,"height":101},"folderId":null,"originalUrl":"//images01.nicepage.com/63/0e/630efc4fee2f6e38532314f88ae8a4c8.png","usages":["6395877"]},{"id":"user-image-malibuvv.jpg","publicUrl":"np://user.desktop.nicepage.com/Site_280606524/images/malibuvv.jpg","size":12678,"hash":"gF0QoFOM0b2oT7w0XqLLqtX0JnM=","fileName":"malibuvv.jpg","name":"malibuvv","width":392,"height":220,"thumbnail":{"url":"np://user.desktop.nicepage.com/Site_280606524/images/thumbnails/malibuvv.jpg","width":250,"height":140},"folderId":null,"usages":["18935658"]},{"id":"user-image-903530.png","publicUrl":"np://user.desktop.nicepage.com/Site_280606524/images/903530.png","size":2353,"hash":"TjAhxFEW82iSD2faAEcG4mPozN4=","fileName":"903530.png","name":"903530","width":128,"height":128,"thumbnail":{"url":"np://user.desktop.nicepage.com/Site_280606524/images/thumbnails/903530.png","width":128,"height":128,"length":2353,"type":"png"},"folderId":null,"originalUrl":"//images01.nicepagecdn.com/c461c07a441a5d220e8feb1a/819f40159c6c5cb58abb8a9f/903530.png","usages":["18935658"]},{"id":"user-image-566235.png","publicUrl":"np://user.desktop.nicepage.com/Site_280606524/images/566235.png","size":2484,"hash":"/gmi8x7kNGYDcTc4iUDnCGKwScc=","fileName":"566235.png","name":"566235","width":128,"height":128,"thumbnail":{"url":"np://user.desktop.nicepage.com/Site_280606524/images/thumbnails/566235.png","width":128,"height":128,"length":2484,"type":"png"},"folderId":null,"originalUrl":"//images01.nicepagecdn.com/c461c07a441a5d220e8feb1a/cf78685277065deebeb2ad4b/566235.png","usages":["18935658"]}]