[{"id":42946083,"title":"Blog Template","order":1,"templateKey":"blog","customTemplate":false,"customTemplateFilename":null,"pageLinks":[],"dateCreated":"2025-09-21T00:26:55.241Z","dateUpdated":"2025-09-21T00:26:56.003Z","folderId":null,"pageName":"Blog Template","serverPageId":null,"sectionCount":1,"status":2,"backwardUrl":null},{"id":46666635,"title":"Post Template","order":2,"templateKey":"post","customTemplate":false,"customTemplateFilename":null,"pageLinks":[],"dateCreated":"2025-09-21T00:26:55.318Z","dateUpdated":"2025-09-21T00:26:56.004Z","folderId":null,"pageName":"Post Template","serverPageId":null,"sectionCount":1,"status":2,"backwardUrl":null},{"id":19888965,"title":"Product List Template","order":3,"templateKey":"products","customTemplate":false,"customTemplateFilename":null,"pageLinks":[],"dateCreated":"2025-09-21T00:26:55.390Z","dateUpdated":"2025-09-21T00:26:56.004Z","folderId":null,"pageName":"Product List Template","serverPageId":null,"sectionCount":1,"status":2,"backwardUrl":null},{"id":279868424,"title":"Product Details Template","order":4,"templateKey":"product","customTemplate":false,"customTemplateFilename":null,"pageLinks":[],"dateCreated":"2025-09-21T00:26:55.463Z","dateUpdated":"2025-09-21T00:26:56.004Z","folderId":null,"pageName":"Product Details Template","serverPageId":null,"sectionCount":1,"status":2,"backwardUrl":null},{"id":1569202377,"title":"Shopping Cart Template","order":5,"templateKey":"cart","customTemplate":false,"customTemplateFilename":null,"pageLinks":[],"dateCreated":"2025-09-21T00:26:55.526Z","dateUpdated":"2025-09-21T00:26:56.004Z","folderId":null,"pageName":"Shopping Cart Template","serverPageId":null,"sectionCount":1,"status":2,"backwardUrl":null},{"id":47922292,"title":"Checkout Template","order":6,"templateKey":"checkout","customTemplate":false,"customTemplateFilename":null,"pageLinks":[],"dateCreated":"2025-09-21T00:26:55.605Z","dateUpdated":"2025-09-21T00:26:56.004Z","folderId":null,"pageName":"Checkout Template","serverPageId":null,"sectionCount":1,"status":2,"backwardUrl":null},{"id":391400692,"title":"Login Template","order":7,"templateKey":"login","customTemplate":false,"customTemplateFilename":null,"pageLinks":[],"dateCreated":"2025-09-21T00:26:55.654Z","dateUpdated":"2025-09-21T00:26:56.004Z","folderId":null,"pageName":"Login Template","serverPageId":null,"sectionCount":1,"status":2,"backwardUrl":null},{"id":55169334,"title":"Search Page Template","order":8,"templateKey":"Search","customTemplate":false,"customTemplateFilename":null,"pageLinks":[],"dateCreated":"2025-09-21T00:26:55.691Z","dateUpdated":"2025-09-21T00:26:56.004Z","folderId":null,"pageName":"Search Page Template","serverPageId":null,"sectionCount":1,"status":2,"backwardUrl":null},{"id":45393687,"title":"Page Password Template","order":9,"templateKey":"password","customTemplate":false,"customTemplateFilename":null,"pageLinks":[],"dateCreated":"2025-09-21T00:26:55.733Z","dateUpdated":"2025-09-21T00:26:56.004Z","folderId":null,"pageName":"Page Password Template","serverPageId":null,"sectionCount":1,"status":2,"backwardUrl":null},{"id":67998855,"title":"404 Not Found Template","order":10,"templateKey":"404","customTemplate":false,"customTemplateFilename":null,"pageLinks":[],"dateCreated":"2025-09-21T00:26:55.768Z","dateUpdated":"2025-09-21T00:26:56.004Z","folderId":null,"pageName":"404 Not Found Template","serverPageId":null,"sectionCount":1,"status":2,"backwardUrl":null},{"id":89269052,"title":"Thank You Page Template","order":11,"templateKey":"ThankYou","customTemplate":false,"customTemplateFilename":null,"pageLinks":[],"dateCreated":"2025-09-21T00:26:55.799Z","dateUpdated":"2025-09-21T00:26:56.004Z","folderId":null,"pageName":"Thank You Page Template","serverPageId":null,"sectionCount":1,"status":2,"backwardUrl":null},{"id":18935658,"title":"Home","order":50,"templateKey":null,"customTemplate":false,"customTemplateFilename":null,"pageLinks":[],"dateCreated":"2025-09-21T00:26:56.248Z","dateUpdated":"2025-09-21T02:00:17.919Z","folderId":null,"pageName":"Home_18935658","serverPageId":null,"sectionCount":2,"status":2,"backwardUrl":null},{"id":94429198,"title":"About","order":100,"templateKey":null,"customTemplate":false,"customTemplateFilename":null,"pageLinks":[],"dateCreated":"2025-09-21T00:26:55.822Z","dateUpdated":"2025-09-21T00:26:56.004Z","folderId":null,"pageName":"About_94429198","serverPageId":null,"sectionCount":1,"status":2,"backwardUrl":null},{"id":55869770,"title":"Contact","order":101,"templateKey":null,"customTemplate":false,"customTemplateFilename":null,"pageLinks":[],"dateCreated":"2025-09-21T00:26:55.840Z","dateUpdated":"2025-09-21T00:26:56.004Z","folderId":null,"pageName":"Contact_55869770","serverPageId":null,"sectionCount":1,"status":2,"backwardUrl":null},{"id":6395877,"title":"Page 1","order":102,"templateKey":null,"customTemplate":false,"customTemplateFilename":null,"pageLinks":[],"dateCreated":"2025-09-21T01:00:32.181Z","dateUpdated":"2025-09-21T01:47:20.519Z","folderId":null,"pageName":"Page 1_6395877","serverPageId":null,"sectionCount":8,"status":2,"backwardUrl":null}]